name,surname
benjamin,peterson,benjamin.peterson68@example.com, ERROR!!
ted,holt,ted.holt87@example.com
patsy,wilson,patsy.wilson52@example.com
jeremy,taylor,jeremy.taylor39@example.com
joshua,holt,joshua.holt76@example.com
sergio,wilson,sergio.wilson62@example.com
earl,martin,earl.martin96@example.com
tomothy,bailey,tomothy.bailey55@example.com
terri,elliott,terri.elliott77@example.com
june,smith,june.smith52@example.com
shane,hopkins,shane.hopkins69@example.com
darrell,holland,darrell.holland87@example.com
zoe,reyes,zoe.reyes72@example.com
anthony,bowman,anthony.bowman17@example.com
jimmie,riley,jimmie.riley19@example.com
juan,may,juan.may86@example.com
frederick,holmes,frederick.holmes49@example.com
sharlene,gordon,sharlene.gordon28@example.com
clifton,baker,clifton.baker98@example.com
wade,simmons,wade.simmons43@example.com
joe,caldwell,joe.caldwell13@example.com
candice,little,candice.little35@example.com
heather,wagner,heather.wagner96@example.com
gail,vargas,gail.vargas21@example.com
emily,thompson,emily.thompson93@example.com
beverley,morgan,beverley.morgan30@example.com
pamela,thomas,pamela.thomas85@example.com
nina,nelson,nina.nelson57@example.com
allan,coleman,allan.coleman66@example.com
anita,patterson,anita.patterson95@example.com
frederick,wood,frederick.wood52@example.com
jack,gilbert,jack.gilbert30@example.com
hilda,george,hilda.george38@example.com
gene,hudson,gene.hudson73@example.com
carlos,dixon,carlos.dixon30@example.com
ted,shelton,ted.shelton51@example.com
cindy,frazier,cindy.frazier25@example.com
kaylee,gordon,kaylee.gordon78@example.com
yolanda,austin,yolanda.austin66@example.com
beatrice,butler,beatrice.butler95@example.com, ERROR!!
jason,powell,jason.powell92@example.com
lori,dunn,lori.dunn46@example.com
jeffery,murray,jeffery.murray64@example.com
clyde,kelley,clyde.kelley15@example.com
june,wilson,june.wilson45@example.com
marjorie,cox,marjorie.cox31@example.com
marie,grant,marie.grant11@example.com
andre,roberts,andre.roberts52@example.com
tommy,chavez,tommy.chavez88@example.com
clyde,perry,clyde.perry90@example.com